-- --------------------------------------------------------
-- 교직원 관련 데이터 생성
-- 생성 날짜: 2024-03-11
-- --------------------------------------------------------

-- 교직원 기본 데이터
INSERT INTO 교직원 (교직원ID, 사용자ID, 직원번호, 이름, 부서) VALUES
                                                 ('STAFF001', 'USER010', 'E202401', '김행정', '학사관리과'),
                                                 ('STAFF002', 'USER011', 'E202402', '이지원', '교무과'),
                                                 ('STAFF003', 'USER020', 'E202403', '박인사', '인사과'),
                                                 ('STAFF004', 'USER021', 'E202404', '정회계', '재무과'),
                                                 ('STAFF005', 'USER022', 'E202405', '최시설', '시설관리과'),
                                                 ('STAFF006', 'USER023', 'E202406', '강입학', '입학관리과'),
                                                 ('STAFF007', 'USER024', 'E202407', '윤복지', '학생복지과');

-- 교직원 상세정보
INSERT INTO 교직원상세정보 (교직원ID, 사무실위치, 전화번호, 프로필이미지URL) VALUES
                                                        ('STAFF001', '본관 203호', '02-1234-5678', '/profiles/staff001.jpg'),
                                                        ('STAFF002', '본관 204호', '02-1234-5679', '/profiles/staff002.jpg'),
                                                        ('STAFF003', '본관 301호', '02-1234-5680', '/profiles/staff003.jpg'),
                                                        ('STAFF004', '본관 302호', '02-1234-5681', '/profiles/staff004.jpg'),
                                                        ('STAFF005', '시설관 101호', '02-1234-5682', '/profiles/staff005.jpg'),
                                                        ('STAFF006', '입학관 201호', '02-1234-5683', '/profiles/staff006.jpg'),
                                                        ('STAFF007', '학생회관 101호', '02-1234-5684', '/profiles/staff007.jpg');

-- 학사일정 데이터
INSERT INTO 학사일정 (일정ID, 일정명, 일정유형, 시작일, 종료일, 설명, 작성자ID) VALUES
                                                            ('SCHEDULE001', '2024학년도 1학기 개강', '학사', '2024-03-02', '2024-03-02', '1학기 개강일', 'STAFF001'),
                                                            ('SCHEDULE002', '수강신청 기간', '수강', '2024-02-20', '2024-02-24', '1학기 수강신청', 'STAFF001'),
                                                            ('SCHEDULE003', '중간고사 기간', '시험', '2024-04-20', '2024-04-26', '1학기 중간고사', 'STAFF002'),
                                                            ('SCHEDULE004', '기말고사 기간', '시험', '2024-06-15', '2024-06-21', '1학기 기말고사', 'STAFF002'),
                                                            ('SCHEDULE005', '여름방학', '방학', '2024-06-22', '2024-08-31', '여름방학 기간', 'STAFF001'),
                                                            ('SCHEDULE006', '2학기 수강신청', '수강', '2024-08-20', '2024-08-24', '2학기 수강신청 기간', 'STAFF001'),
                                                            ('SCHEDULE007', '2학기 개강', '학사', '2024-09-01', '2024-09-01', '2학기 개강일', 'STAFF001');

-- 강의개설승인 데이터
INSERT INTO 강의개설승인 (승인ID, 개설ID, 승인자ID, 상태, 코멘트) VALUES
                                                    ('APPROVE001', 'CLS001', 'STAFF002', '승인', '정상 승인 완료'),
                                                    ('APPROVE002', 'CLS002', 'STAFF002', '승인', '정상 승인 완료'),
                                                    ('APPROVE003', 'CLS003', 'STAFF002', '승인', '정상 승인 완료'),
                                                    ('APPROVE004', 'CLS004', 'STAFF002', '대기중', '검토 중'),
                                                    ('APPROVE005', 'CLS005', 'STAFF002', '거절', '강의계획서 보완 필요'),
                                                    ('APPROVE006', 'CLS006', 'STAFF002', '승인', '정상 승인 완료'),
                                                    ('APPROVE007', 'CLS007', 'STAFF002', '승인', '정상 승인 완료');

-- 휴학승인 데이터
INSERT INTO 휴학승인 (승인ID, 휴학ID, 승인자ID, 상태, 코멘트) VALUES
                                                  ('LEAVE_APPROVE001', 'LEAVE001', 'STAFF001', '승인', '일반 휴학 승인'),
                                                  ('LEAVE_APPROVE002', 'LEAVE002', 'STAFF001', '대기중', '서류 검토 중'),
                                                  ('LEAVE_APPROVE003', 'LEAVE003', 'STAFF001', '승인', '질병 휴학 승인');